snapshot_date,country_code,country_name,holdings_btc,status,tier,as_of,source_quality,usd_value,pct_of_supply,primary_sources,sources
2026-10-01,US,United States,325000,strategic_reserve,1,2026-04-30,secondary,27126775000,1.63728,,https://en.wikipedia.org/wiki/U.S._Strategic_Bitcoin_Reserve | https://www.ccn.com/education/crypto/national-crypto-reserves-tracker-countries-bitcoin-state-wealth/ | https://cointelegraph.com/news/2026-sovereign-bitcoin-reserves-tradfi-tokenization-adoption-sygnum | https://news.bitcoin.com/strategic-bitcoin-reserve-treasury-commerce-turf-war/ | https://news.bitcoin.com/us-government-holds-328372-btc-as-onchain-data-confirms-23b-federal-crypto-stockpile/ | https://cryptovalleyjournal.com/focus/legal-and-compliance/trumps-strategic-bitcoin-reserve-stalls-in-agency-turf-war/
2026-10-01,SV,El Salvador,7739,strategic_reserve,2,2026-08-10,primary,645951113,0.038987,https://bitcoin.gob.sv/,https://www.mexc.com/news/733255 | https://www.chainalysis.com/blog/bitcoin-strategic-reserves/ | https://bitcoin.gob.sv/
2026-10-01,BT,Bhutan,3654,divested,3,2026-04-30,secondary,304988418,0.018408,,https://www.cryptopolitan.com/bhutan-quietly-moves-42m-in-bitcoin-in-2026/
2026-10-01,FI,Finland,90,seized_held,4,2026-05-15,secondary,7512030,0.000453,,https://bitbo.io/treasuries/finland/ | https://www.kauppalehti.fi/uutiset/a/32dff41d-3c2c-4782-9e8d-b527db8b0d17
2026-10-01,PK,Pakistan,0,announced_not_yet_held,5,2026-05-01,secondary,0,0,,https://cryptollia.com/articles/bitcoins-sovereign-embrace-nation-state-adoption-regulatory-clarity-2026-trajectory
2026-10-01,BR,Brazil,0,legislation_proposed,5,2026-02-15,secondary,0,0,,https://cointelegraph.com/news/2026-sovereign-bitcoin-reserves-tradfi-tokenization-adoption-sygnum | https://www.ccn.com/education/crypto/national-crypto-reserves-tracker-countries-bitcoin-state-wealth/
2026-10-01,CZ,Czech Republic,0,exploring,5,2025-12-31,secondary,0,0,,https://cointelegraph.com/news/2026-sovereign-bitcoin-reserves-tradfi-tokenization-adoption-sygnum
2026-10-01,DE,Germany,0,divested,5,2024-07-15,secondary,0,0,,https://www.ccn.com/education/crypto/national-crypto-reserves-tracker-countries-bitcoin-state-wealth/
2026-10-01,UA,Ukraine,46351,seized_held,2,2024-12-31,secondary,3868778917,0.233506,,https://www.ccn.com/education/crypto/national-crypto-reserves-tracker-countries-bitcoin-state-wealth/
2026-10-01,GB,United Kingdom,61000,seized_held,2,2024-10-30,secondary,5091487000,0.307305,,https://www.ccn.com/education/crypto/national-crypto-reserves-tracker-countries-bitcoin-state-wealth/
2026-10-01,CN,China,190000,seized_held,1,2024-12-31,secondary,15858730000,0.957179,,https://www.ccn.com/education/crypto/national-crypto-reserves-tracker-countries-bitcoin-state-wealth/
